feature,importance
sdnn,0.533387199973727
rmssd,0.3359926871329943
mean_rr,0.07436406851068925
heart_rate,0.05625604438258941
