feature,importance
rmssd,0.3850875611442904
sdnn,0.28900437655105166
mean_rr,0.13801887336964447
heart_rate,0.1878891889350135
